Degree Program,Info from HS Counselor,Info from HS Teacher,Info from IT Website,Info from Admissions,Info from Advisor,Info from Employer,Info from Workforce Development,Info from NJ Workforce Program,Info from Other,Gender,Why Interested in Computing,Interest in More Classes,Open House,Instant Decision Day,On-Campus Info Session,Titans Tuesday,Women Who Dare,Regional College Fair,HS Sharetime Info Session,Challenger Program,CyberSecurity Program,HS Info Session,HS Campus Visit,Individual Campus Visit,Workforce Development Class,Corporate Training,Teen Arts Festival,Summer Camp
Computer Science,Yes,Yes,Yes,Yes,Yes,No,No,No,No,Man,,,Yes,No,Yes,Yes,No,No,No,No,No,Yes,No,No,No,No,No,No
Computer Science,No,No,Yes,No,Yes,No,No,No,No,Man,,,No,No,No,No,No,No,No,No,No,No,No,No,Yes,No,No,No
Liberal Arts,,,,,,,,,,Woman,Im really only taking this class for the requirement. im not super interested or even very good with this kind of stuff,1.0,No,No,No,No,No,No,No,Yes,No,Yes,No,No,No,No,No,No
Computer Science,Yes,Yes,No,Yes,No,No,No,No,No,Man,,,Yes,No,Yes,Yes,No,No,No,No,No,Yes,No,Yes,No,No,No,No
Information Technology,No,No,No,No,No,No,No,No,No,Man,,,No,No,No,No,No,No,No,No,No,No,No,No,No,No,No,No
Computer Science,Yes,Yes,Yes,Yes,Yes,No,No,No,No,Man,,,Yes,Yes,Yes,No,No,No,No,No,No,Yes,Yes,No,No,No,No,No
Information Technology,No,No,Yes,No,No,No,No,No,No,Man,,,No,No,No,No,No,No,No,No,No,No,No,No,No,No,No,No
Academy Student,,,,,,,,,,Prefer not to say,To further my knowledge of computing.,4.0,Yes,No,Yes,No,No,No,Yes,No,No,Yes,No,Yes,No,No,No,No
Computer Science,No,No,No,No,Yes,No,No,No,No,Man,,,No,No,No,No,No,No,No,No,No,No,No,No,No,No,No,No
Computer Science,No,No,Yes,Yes,Yes,No,No,No,No,Man,,,No,No,No,No,No,Yes,Yes,No,No,Yes,No,Yes,No,No,No,No
Computer Science,No,No,No,No,No,No,No,No,No,Man,,,Yes,No,No,No,No,No,No,No,No,No,No,No,No,No,No,No
Business Administration ,,,,,,,,,,Woman,Computer Science isn't really for me but it helps me with Business. ,1.0,No,No,No,Yes,No,No,No,No,No,Yes,No,Yes,Not Sure,No,No,No
Liberal arts,,,,,,,,,,Man,I'm taking this course because I need it to graduate ,2.0,Yes,No,No,No,No,No,Yes,No,No,No,No,Yes,No,No,No,No
I am still a senior in high school (Morris County School of Technology) and my school offers a program that allows you to attend a CCM class or classes,,,,,,,,,,I do not identify,"I am more interested in doing law in the long run, I would like to practice as a lawyer one day. The program my high school offered did not allow me to do any law classes here, so I thought computer science was something interesting I could do that was available. While it certainly is interesting as I do it now, I still wanna do law in the long run.",2.0,Not Sure,No,Yes,No,No,No,Yes,No,No,No,Yes,No,No,No,Yes,No
Music Recording ,,,,,,,,,,Man,To further my studies in Computer Science and to lead to a positive career path.,5.0,No,No,No,No,No,No,No,No,No,Yes,No,Yes,No,No,No,No
Information Technology,No,No,Yes,Yes,Yes,No,No,No,Don't recall,Man,,,Yes,No,Yes,Yes,No,Yes,No,No,Not Sure,Not Sure,Not Sure,Yes,No,No,No,No
Computer Science,No,No,No,No,No,No,No,No,No,Man,,,Yes,No,Yes,No,No,Yes,No,No,No,No,No,Yes,No,No,No,No
Computer Science,No,Yes,Yes,Yes,Yes,No,No,No,No,Man,,,No,No,Yes,No,No,No,No,No,No,No,No,No,No,No,No,No
Computer Science,Yes,Yes,Yes,Yes,Don't recall,Don't recall,Don't recall,Don't recall,Yes,Man,,,Yes,Not Sure,Yes,Not Sure,Not Sure,Not Sure,Not Sure,Not Sure,Not Sure,Not Sure,Not Sure,Not Sure,Not Sure,Not Sure,Not Sure,Not Sure
Computer Science,No,No,Yes,Yes,Yes,No,No,No,No,Man,,,No,No,No,No,No,No,No,No,No,No,No,Yes,No,No,No,No
Bio ,,,,,,,,,,Man,"I'm a bio major and in the field I want to go into computing is not required at all. except, if I wanted to make my own code for a machine or task.",3.0,No,No,Yes,No,No,No,No,No,No,No,No,Yes,No,No,No,No
Computer Science,No,No,No,No,No,No,No,No,No,Man,,,No,No,No,No,No,No,No,No,No,No,No,No,No,No,No,No
Computer Science,Yes,Yes,No,No,No,No,No,No,No,Man,,,No,No,No,No,No,No,Not Sure,No,No,Yes,No,No,No,No,No,No
Computer Science,No,No,No,Don't recall,Don't recall,Don't recall,Don't recall,Don't recall,Don't recall,Man,,,No,Yes,No,No,No,No,No,No,No,Yes,No,No,No,No,No,No
Liberal Arts,,,,,,,,,,Man,Computing seems interesting but then I don't know if I will presume learning it after this class. ,2.0,Yes,Not Sure,Yes,No,No,No,No,No,No,Yes,Yes,Yes,No,No,No,No
Mechanical engineering technology,,,,,,,,,,Man,"I am interested in learning more about programming, however some parts do not seem important to me",3.0,Yes,Yes,No,Yes,Yes,Yes,Yes,Yes,Yes,Yes,Yes,Yes,Yes,Yes,Yes,Yes
Mathematics,,,,,,,,,,Man,"I'd think about taking another computer class, because it's relatively related to my interests. But I am really pursuing courses in pure mathematics.",3.0,No,No,No,No,No,No,No,No,No,No,No,No,No,No,No,No
Mechanical Engineering,,,,,,,,,,Man,"I personally don't like it because it is very similar to learning a new language, I was placed in the class for my current major Mechanical Engineering.",2.0,Yes,Yes,Yes,Yes,No,No,No,No,No,Yes,No,Yes,No,No,No,No
Electronics Engineering,,,,,,,,,,Prefer not to say,I like the classes and I need the credits for my degree.,4.0,No,No,No,No,No,No,No,No,No,No,No,No,No,No,No,No
Mechanical Engineering ,,,,,,,,,,Man,Technology is always growing and all the things we learn in class will be very useful in the future.,3.0,No,Not Sure,No,No,No,No,No,No,No,No,No,No,No,No,No,No
CIS Game Development Option,Yes,No,No,Yes,Yes,No,No,No,Yes,Man,,,Yes,Yes,Yes,Not Sure,No,No,No,No,No,No,No,Yes,No,No,No,No
Information Technology,No,No,No,No,No,No,No,No,No,Man,,,No,No,No,No,No,No,No,No,No,No,No,No,No,No,No,No
Finance/Business ,,,,,,,,,,I do not identify,.,5.0,Yes,No,No,No,No,No,No,No,No,No,No,No,No,No,No,No
Computer Science,No,Yes,No,No,No,No,No,No,No,Woman,,,Yes,No,Yes,No,No,No,No,No,No,Yes,No,Yes,No,No,No,No
Computer Science,Yes,No,Yes,Yes,Yes,No,No,No,No,Woman,,,No,No,No,No,No,No,No,No,No,No,No,No,No,No,No,No
Information Technology,No,No,No,No,No,No,No,No,No,Man,,,No,No,No,No,No,No,No,No,No,No,No,No,No,No,No,No
Computer Science,No,Yes,No,No,No,No,No,No,No,Man,,,No,No,No,No,No,No,No,No,No,No,No,No,No,No,No,No
Challenger Program,Yes,Yes,Don't recall,No,Don't recall,Yes,No,No,Don't recall,Woman,,,No,Not Sure,Yes,No,Yes,Not Sure,No,Yes,Not Sure,No,Yes,Not Sure,No,No,Yes,Not Sure
Computer Science,No,No,No,No,No,No,No,No,No,Man,,,No,No,No,No,No,No,No,No,No,No,No,No,No,No,No,No
Information Technology,Don't recall,Don't recall,Don't recall,Don't recall,Yes,No,No,No,No,Man,,,Yes,No,Yes,No,No,No,No,No,No,No,Yes,No,No,No,No,No
Non Degree seeking,,,,,,,,,,Man,"My personal interest in acquiring more SKILLS in the STEM field motivates me, certificate programs and classes I can use to strengthen my acquiring of certifications is what motivates me. Its a great thing to have on the job market nowadays. 

I would not be interested in taking computing classes that require me to be in person due to personal transportation issues",5.0,Yes,No,Yes,No,No,No,No,No,No,Yes,No,No,No,No,No,No
Computer Science,No,No,No,No,No,No,No,No,No,Man,,,No,No,No,No,No,No,No,No,No,No,No,Yes,No,No,No,No
Computer Science,No,No,Yes,No,No,No,No,No,No,Man,,,No,No,No,No,No,No,No,No,No,No,No,No,No,No,No,No
Computer Science,Yes,No,No,Yes,No,No,No,No,No,Woman,,,No,No,No,No,No,No,No,No,No,Yes,No,No,No,No,No,No
Computer Science,Don't recall,Don't recall,Yes,Yes,Yes,No,No,No,No,Man,,,No,No,No,No,No,No,No,No,No,No,Yes,Yes,No,No,No,No
Computer Science,Yes,Yes,No,No,No,No,No,No,No,Man,,,No,No,No,No,No,No,No,No,No,No,No,No,No,No,No,No
Computer Science,Yes,Yes,Yes,Yes,Don't recall,No,No,Don't recall,No,Woman,,,Yes,Yes,No,No,No,No,No,No,No,Yes,No,No,Yes,No,No,No
Computer Science,No,No,No,No,No,No,No,No,No,Man,,,No,No,No,No,No,No,No,No,No,No,No,No,No,No,No,No
CIS Game Development Option,Yes,Yes,No,No,No,No,No,No,Yes,Woman,,,No,No,No,Yes,No,No,No,No,No,No,No,No,No,No,No,No
"Technical Studies, Applied Associate of Science",No,No,No,No,No,No,No,No,Yes,Man,,,No,No,Yes,No,No,No,No,No,No,Yes,No,No,No,No,No,No
Computer Science,No,No,No,No,No,No,No,No,Yes,Man,,,No,No,No,No,No,Yes,No,No,No,No,No,No,No,No,No,No
Computer Science,No,No,Yes,No,Yes,No,No,No,No,Man,,,No,No,No,Yes,No,No,No,No,No,No,No,Yes,No,No,No,No
Changed to Business ,,,,,,,,,,Man,I am somewhat on the fence because i do want to learn more but sometimes it gets confusing ,3.0,No,No,No,No,No,No,No,No,No,No,No,No,No,No,No,No
CIS Game Development Option,No,No,No,Yes,No,No,No,No,No,Man,,,No,No,No,No,No,No,No,No,No,No,No,Yes,No,No,No,No
Computer Science,No,No,Yes,No,No,No,No,No,No,Man,,,No,No,No,Yes,No,No,No,No,No,No,No,No,No,No,No,No
Mechanical Engineering Technology,,,,,,,,,,Man,"I am in Mechanical, not electronic",1.0,Yes,No,No,No,No,No,No,No,No,No,No,Yes,No,No,No,No
Computer Science,No,No,No,No,Yes,No,No,No,No,Man,,,No,No,No,No,No,No,No,No,No,No,No,No,No,No,No,No
Computer Science,No,No,No,Yes,No,No,No,No,No,Man,,,No,No,No,No,No,No,No,No,No,No,No,Yes,No,No,No,No
Mechanical Engineering,,,,,,,,,,Man,I would like to learn about computing,4.0,No,No,No,No,No,No,No,No,No,No,No,No,No,No,No,No
Computer Science,Don't recall,Don't recall,Yes,No,No,No,No,No,No,Man,,,No,No,No,No,No,No,No,No,No,No,No,No,No,No,No,No
CIS Game Development Option,No,No,Yes,Yes,Yes,No,No,No,No,Man,,,Not Sure,Yes,Yes,Yes,No,No,No,No,No,No,No,No,No,No,No,No
CIS Game Development Option,No,No,No,No,No,No,No,No,No,Man,,,No,No,No,No,No,No,No,No,No,No,No,No,No,No,No,No
Computer Science,No,No,No,Yes,No,No,No,No,No,Man,,,No,No,No,No,No,No,No,No,No,No,No,No,No,No,No,No
Mechanical Engineering,,,,,,,,,,Man,I would like to learn about computing,4.0,No,No,No,No,No,No,No,No,No,No,No,No,No,No,No,No
Computer Science,No,Don't recall,No,Yes,Yes,Don't recall,No,Don't recall,Yes,Woman,,,No,Not Sure,Yes,Yes,Not Sure,Yes,Not Sure,No,Not Sure,No,No,Yes,Not Sure,No,Not Sure,Yes
CIS Game Development Option,Yes,Yes,Yes,No,Yes,No,No,No,Yes,Man,,,Yes,No,No,Yes,No,No,No,No,No,Yes,No,Yes,No,No,No,No
Information Technology,Yes,Yes,Yes,Yes,Yes,No,No,No,No,Prefer not to say,,,No,No,No,No,No,No,No,Yes,No,No,No,No,No,No,No,No
mechanical engineering technology,,,,,,,,,,Man,moderately interested because it depends on what i need to learn in the future when looking for a programming job.,4.0,Yes,No,No,No,No,Yes,No,No,No,Yes,No,Yes,No,No,No,No
edam,,,,,,,,,,Woman,im not great at it,3.0,No,No,No,No,No,No,No,No,No,No,No,No,No,No,No,No
Challenger Program,No,No,No,No,No,No,No,No,No,Man,,,No,No,No,No,No,No,Yes,No,Yes,Yes,Not Sure,Not Sure,Not Sure,Not Sure,Not Sure,No
CIS Game Development Option,No,No,No,No,No,No,No,No,Yes,Prefer not to say,,,No,No,No,No,No,No,No,No,No,No,Not Sure,Not Sure,No,No,No,No
Share Time Engineering,,,,,,,,,,Woman,I like how with computing classes there is a right and wrong answer but still room to be creative. ,4.0,No,No,Yes,No,No,No,Yes,No,No,No,No,No,No,No,No,No
Engineering Design and Manufacturing (Time Share),,,,,,,,,,Man,I do not feel as though I need to be extremely well versed in computing for mechanical engineering but I also feel I need to know enough to be useful in making things.,3.0,Yes,No,Yes,No,No,No,Yes,Yes,No,No,No,No,No,No,No,No
Psychology,,,,,,,,,,Woman,"It doesn't have to do with my major, but I have some friends that want to work in STEM and I thought it would be a good idea to try it out and see what it had to offer. I am completing this class for my credits, and although challenging at times, I enjoy learning about something I never would have experienced without the advice of my friends.",3.0,Yes,No,No,No,No,Yes,Not Sure,Not Sure,Not Sure,Yes,Yes,Yes,Not Sure,Not Sure,Yes,Not Sure
Computer Science,No,No,No,No,No,No,No,No,No,Man,,,No,No,No,No,No,No,No,No,No,No,No,Yes,No,No,No,No
Mechanical Engineering ,,,,,,,,,,Woman,Being the only one that does not know what they are doing and struggling to catch up. ,4.0,No,No,No,No,No,No,Yes,No,No,No,No,No,No,No,No,No
Challenger Program,Yes,Yes,Yes,Don't recall,Don't recall,No,No,No,No,Man,,,No,No,Yes,No,No,No,Yes,Yes,No,Yes,No,No,No,No,No,No
Undecided,,,,,,,,,,Man,"It's interesting to learn about the history of coding and how it affected technology for the future, but I'm not sure how I would feel about doing future classes where we type code and solve problems because of how complicated the coding commands can be at times.",3.0,Yes,No,Yes,No,No,No,No,No,No,No,No,Yes,No,No,No,No
dont have one,,,,,,,,,,Man,"i was never really interested in computer science back when i took AP comp sci. nothing i did seemed to make sense to me, which took away hope that i would get past the class. when we started doing comp sci at the ccm, everything i did began to add up. it being easier to understand, i started to gain more interest in the subject.",4.0,No,No,Yes,No,No,No,Yes,No,No,No,No,No,No,No,No,No
Share time engineering,,,,,,,,,,Man,I enjoy this class and would take another in the future,4.0,Yes,No,Yes,No,No,No,Yes,No,No,No,No,Yes,No,No,No,No
Highschool dual enrollment program,,,,,,,,,,Man,I would be interested in taking another computing class because it could help me in the future with the career I wish to pursue.,4.0,No,No,Yes,No,No,No,Yes,No,No,No,No,No,No,No,No,No
Engineering Design and Manufacturing (Time Share),,,,,,,,,,Man,I would not be interested because after this class I will have most of what I need to know for mechanical engineering.,3.0,No,No,No,No,No,No,Yes,Yes,No,No,No,No,No,No,No,No
didn't send professor screenshot,,,,,,,,,,Man,need a screenshot for professor Stoll,3.0,Not Sure,Not Sure,Not Sure,Not Sure,Not Sure,Not Sure,Not Sure,Not Sure,Not Sure,Not Sure,Not Sure,Not Sure,Not Sure,Not Sure,Not Sure,Not Sure
Computer Science,No,No,No,No,No,No,No,No,No,I do not identify,,,No,No,No,Not Sure,No,No,No,No,No,Yes,No,Yes,No,No,No,No
Computer Science,No,No,Yes,No,No,No,Don't recall,No,Don't recall,Man,,,No,No,No,Yes,No,No,No,Yes,No,No,No,No,No,No,No,No
Computer Science,Yes,No,Yes,No,Yes,No,No,No,No,Man,,,No,No,Yes,Yes,No,Yes,No,No,No,No,No,No,No,No,No,No
Digital Media Technology,Yes,Yes,No,Yes,No,No,No,No,No,Man,,,Yes,No,Yes,No,No,No,No,No,No,No,No,No,No,No,No,No
Computer Science,Don't recall,Don't recall,Don't recall,Don't recall,Don't recall,Don't recall,Don't recall,Don't recall,Don't recall,Man,,,No,No,No,No,No,No,No,No,No,No,No,No,No,No,No,No
Information Technology,Yes,Don't recall,No,Yes,No,No,No,No,Don't recall,Man,,,No,No,Yes,No,No,No,No,No,No,No,No,No,No,No,No,No
Business and Marketing ,,,,,,,,,,Woman,Im not really exited nor disapointed about taking a computer class.,3.0,No,No,Yes,No,No,No,No,No,No,No,No,Yes,No,No,No,No
Digital Media Technology,No,No,No,No,No,No,No,No,No,Man,,,No,No,No,No,No,No,No,No,No,No,No,No,No,No,No,No
Information Technology,No,No,Yes,Yes,No,No,No,No,No,Woman,,,No,Yes,Yes,No,No,Yes,No,No,No,Yes,No,Yes,No,No,No,No
Web Development Certificate of Achievement,No,No,Yes,No,No,No,No,No,No,Woman,,,No,No,No,No,No,No,No,No,No,No,No,No,No,No,No,No
Information Technology,Don't recall,Don't recall,Yes,Don't recall,Don't recall,No,No,No,Don't recall,Man,,,No,No,No,No,No,No,No,No,No,No,No,No,No,No,No,No
Digital Media Technology,Yes,Yes,No,No,Yes,No,No,No,No,Woman,,,Yes,Not Sure,Not Sure,Not Sure,Not Sure,Not Sure,Not Sure,Not Sure,Not Sure,Not Sure,Not Sure,Yes,Not Sure,Not Sure,Not Sure,Not Sure
Business Professional,,,,,,,,,,Man,"I have taken plenty of computing classes previously when I was an IT major (before I switched to business professional). Although its and interesting topic, I don't think it would be of any use to the profession I am going for currently.",3.0,No,No,No,No,No,No,Yes,No,No,No,Yes,No,No,No,No,No
Information Technology,No,No,Yes,Yes,Yes,No,No,No,No,Man,,,No,No,No,No,No,No,No,No,No,No,No,No,No,No,No,No
Information Technology,No,No,No,No,No,No,No,No,No,Man,,,No,No,No,No,No,No,No,No,No,No,No,No,No,No,No,No
Computer Science,No,No,Yes,No,No,No,No,No,Yes,Man,,,No,No,No,No,No,No,No,No,No,No,No,No,No,No,No,No
Information Technology,No,No,No,No,No,No,No,No,Yes,Prefer not to say,,,No,No,No,No,No,No,No,No,No,No,No,No,No,No,No,No
biology,,,,,,,,,,Woman,"A lot of medical instruments are becoming more automated. As well as tools, and other pathways I am interested in. ",3.0,No,No,Yes,No,No,No,No,No,No,No,No,Yes,No,No,No,No
Non Degree seeking,,,,,,,,,,Woman,I am enjoying the online class,4.0,No,No,No,No,No,No,No,No,No,No,No,No,No,No,No,No
ShareTime CSIP Program,No,No,No,No,No,No,No,No,No,Woman,,,No,No,No,No,No,No,Yes,Yes,Yes,Yes,No,No,No,No,No,No
ShareTime CSIP Program,Yes,Yes,No,No,No,No,No,No,No,Man,,,Not Sure,No,Yes,No,No,No,Yes,Not Sure,Not Sure,No,Not Sure,No,No,No,No,No
Information Technology,Yes,No,No,No,No,No,No,No,No,Man,,,No,No,No,No,No,No,No,No,No,No,No,No,No,No,No,No
Information Technology,Yes,Yes,No,No,No,No,No,No,No,Woman,,,No,No,No,No,No,No,Yes,Not Sure,Yes,Yes,No,No,No,No,Yes,Yes
Information Technology,Yes,Yes,Yes,Yes,Yes,No,No,No,No,Man,,,No,No,Yes,No,Not Sure,No,Yes,No,Yes,Yes,No,No,No,No,No,No
ShareTime CSIP Program,Yes,No,No,No,No,No,No,No,No,Man,,,No,No,Yes,No,No,No,No,No,No,No,No,No,No,No,No,Yes
ShareTime CSIP Program,Yes,No,No,No,No,No,No,No,No,Man,,,No,No,No,No,No,No,Yes,No,Yes,No,No,No,No,No,No,No
ShareTime CSIP Program,Yes,No,No,No,No,No,No,No,No,Woman,,,No,No,No,No,No,No,Yes,No,Yes,No,No,No,No,No,No,No
ShareTime CSIP Program,Yes,No,No,No,No,No,No,No,No,Man,,,Yes,No,Yes,No,No,No,Yes,No,Yes,No,No,No,No,No,No,No
ShareTime CSIP Program,No,No,No,No,No,No,No,No,Yes,Man,,,Not Sure,Not Sure,Yes,No,No,No,No,No,Yes,No,No,No,No,No,No,No
ShareTime CSIP Program,No,No,Yes,No,No,No,No,No,Yes,Man,,,No,No,Yes,Yes,No,Yes,No,No,Yes,No,No,No,No,No,No,No
Information Technology,No,Yes,No,Yes,Yes,No,No,No,No,Man,,,No,No,Yes,No,Not Sure,Not Sure,Not Sure,Yes,Yes,No,No,Yes,No,No,No,No
Information Security Certificate of Achievement,No,No,No,No,No,No,No,No,Yes,Man,,,No,No,No,No,No,No,No,No,No,No,No,No,No,No,No,No
Challenger Program,Yes,No,No,No,No,No,No,No,Yes,Woman,,,No,No,No,No,No,No,No,Yes,Yes,No,No,Yes,No,No,No,No
ShareTime CSIP Program,Yes,No,No,No,No,No,No,No,No,Man,,,No,No,No,No,No,No,Yes,No,Yes,No,No,No,No,No,No,No
ShareTime CSIP Program,Yes,No,No,No,Yes,No,No,No,Yes,Man,,,No,No,No,No,No,No,Yes,No,Yes,No,No,No,No,No,No,No
Business Administration,,,,,,,,,,Man,"It's a career that I study when I just graduated from high school, but I didn't like it and I transfer to another career. But I have always been interested in software programming. ",5.0,No,No,No,No,No,No,No,No,No,No,No,No,No,No,No,No
Information Technology,Don't recall,Don't recall,Don't recall,Don't recall,Don't recall,Don't recall,Don't recall,Don't recall,Don't recall,Man,,,No,No,Yes,No,No,No,No,No,Yes,Yes,No,No,No,No,No,No
CIS Game Development Option,No,No,Yes,Yes,No,No,No,No,No,Woman,,,No,No,No,No,No,No,No,No,No,No,No,No,No,No,No,No
Early Childhood Education,,,,,,,,,,Woman,I am taking this class as a requirement for my major. I am unsure as to why this is a requirement for my Early Childhood Education associates degree but it was.,1.0,Yes,Yes,No,No,No,No,No,No,No,Yes,Yes,Yes,No,No,Yes,No
Computer Science,No,No,No,No,Yes,No,No,No,No,Man,,,No,No,No,No,No,No,No,No,No,No,No,Not Sure,No,No,No,No
Computer Science,No,No,No,No,No,No,No,No,No,Woman,,,No,No,No,No,No,No,No,No,No,No,No,No,No,No,No,No
Computer Science,No,No,No,No,No,No,No,No,No,Man,,,No,No,No,No,No,No,No,No,No,No,No,No,No,No,No,No
Computer Science,Don't recall,Don't recall,Don't recall,Don't recall,Don't recall,Don't recall,Don't recall,Don't recall,Don't recall,Prefer not to say,,,Not Sure,Not Sure,Not Sure,Not Sure,Not Sure,Not Sure,Not Sure,Not Sure,Not Sure,Not Sure,Not Sure,Not Sure,Not Sure,Not Sure,Not Sure,Not Sure
Undecided,,,,,,,,,,Man,Professor is very good.  ,5.0,No,No,No,No,No,No,No,No,No,No,No,No,No,No,No,No
Computer Science,No,No,No,Yes,Don't recall,No,No,No,No,Man,,,No,No,No,No,No,No,No,No,No,No,No,Yes,No,No,No,No
Information Technology,Yes,Yes,Yes,Yes,Yes,Yes,Yes,Yes,Yes,Woman,,,No,Yes,Yes,No,No,Not Sure,No,No,No,Yes,No,Yes,Not Sure,No,No,No
Information Technology,No,Yes,No,No,No,No,No,No,No,Man,,,No,No,No,No,No,No,No,No,No,No,No,No,No,No,No,No
Undecided,,,,,,,,,,Man,"I am a electrical engineering major so I know that I will need to take another computing class in the future but I'm not the best at coding. I want to get better at it, and would like to be able to code for jobs possibly in the future.",4.0,No,No,Yes,No,No,No,No,No,No,Yes,No,Yes,No,No,No,No
Computer Science,Don't recall,No,No,No,No,No,No,No,No,Non-binary,,,No,No,No,No,No,No,No,No,No,Yes,No,No,No,No,No,No
Computer Science,No,No,No,No,No,No,No,No,No,Woman,,,No,No,No,No,No,No,No,No,No,No,No,Yes,No,No,No,No
Computer Science,No,No,Yes,No,No,No,No,No,No,Man,,,No,No,No,No,No,No,No,No,No,Yes,No,No,No,No,No,No
Computer Science,No,No,Yes,Yes,Yes,No,No,No,No,Man,,,No,No,No,No,No,No,No,Yes,No,No,No,Yes,No,No,No,No
Information Technology,No,No,No,Yes,Yes,No,No,No,No,Man,,,No,No,No,No,No,No,No,No,No,Yes,No,Yes,No,No,No,No
Digital Media Technology,No,No,Yes,Yes,Yes,No,No,No,No,Man,,,No,No,No,No,No,No,No,No,No,No,No,Yes,No,No,No,No
Information Technology,No,No,Yes,Yes,Yes,No,No,No,No,Man,,,No,No,Yes,No,No,No,No,No,No,No,No,No,No,No,No,No
Computer Science,No,No,Yes,Yes,No,No,No,No,No,Woman,,,Yes,No,Yes,No,No,No,No,No,No,No,No,No,No,No,No,No
Digital Media Technology,No,No,Yes,No,Yes,No,No,No,No,Man,,,No,No,No,No,No,No,No,No,No,No,No,No,No,No,No,No
Computer Science,No,No,Yes,No,No,No,No,No,No,Man,,,Yes,Yes,Yes,No,No,Yes,No,No,No,Yes,No,Yes,No,No,No,No
Computer Science,No,No,No,Yes,Yes,No,No,No,No,Man,,,No,No,No,No,No,No,No,No,No,No,No,No,No,No,No,No
Computer Science,Don't recall,Don't recall,Yes,Yes,Yes,Don't recall,Don't recall,Don't recall,Yes,Man,,,Yes,Yes,Yes,Yes,No,Not Sure,Not Sure,Not Sure,Not Sure,Not Sure,Not Sure,Yes,Not Sure,Not Sure,Not Sure,Not Sure
Mechanical engineer of technology,,,,,,,,,,Man,i like to work in the computer but i like to work moving around. i do not really like to be sitting down all day in front a computer,3.0,Yes,No,No,No,No,No,No,No,No,No,No,No,No,No,No,No
Information Technology,No,No,No,Yes,Yes,No,No,No,No,Man,,,No,No,Yes,Yes,No,No,No,No,No,No,No,Yes,No,No,No,No
Information Technology,No,No,Yes,Yes,No,No,No,No,No,Woman,,,No,No,No,No,No,No,No,No,No,No,No,No,No,No,No,No
CIS Game Development Option,No,No,No,No,No,No,No,No,No,Woman,,,No,No,No,No,No,No,No,No,No,No,No,No,No,No,No,No
Computer Science,No,No,No,No,Don't recall,No,No,No,No,Man,,,Yes,No,Yes,No,No,No,No,No,No,No,Yes,No,No,No,No,No
Undecided,,,,,,,,,,Man,I would be interesting to start another class since it would allow me to learn more specific skills in the field.,5.0,Yes,No,No,Yes,No,No,No,No,No,No,No,No,No,No,No,No
Undecided,,,,,,,,,,Man,I'm moderately interested but do not need anymore credits,3.0,No,No,No,No,No,No,No,No,No,No,No,No,No,No,No,No
Computer Science,No,No,No,No,No,No,No,No,No,Man,,,No,No,No,No,No,No,No,No,No,No,No,No,No,No,No,No
Computer Science,Yes,No,Yes,Yes,Yes,No,No,No,Don't recall,Man,,,Yes,No,No,No,No,No,No,No,No,No,No,No,No,No,No,No
Web Development Certificate of Achievement,No,No,Yes,No,No,No,No,No,No,Woman,,,No,No,No,No,No,No,No,No,No,No,No,No,Yes,No,No,No
Computer Science,No,No,Yes,No,No,No,No,No,No,Man,,,No,No,No,No,No,No,No,No,No,No,No,No,No,No,No,No
Undecided,,,,,,,,,,Man,I'm excited to use this knowledge and apply it toward more advanced projects and applications,4.0,Yes,Yes,Yes,No,No,No,No,No,No,Yes,Yes,No,No,No,No,No
Undecided,,,,,,,,,,Man,I would like to learn how to create video games at some point.,4.0,Yes,No,Yes,No,No,No,No,No,No,Yes,No,Yes,No,No,No,No
Computer Science,No,No,Yes,No,No,No,No,No,No,Man,,,Not Sure,No,Yes,Yes,No,No,No,No,No,No,No,No,No,No,No,No
Mechanical Engineering Technology,,,,,,,,,,Man,"It is a bit irrelevant for what I am studying, and I am not very good at it.",2.0,No,No,No,No,No,No,No,No,No,No,No,No,No,No,No,No
Undecided,,,,,,,,,,Man,I would be interested in taking more computing classes since I could learn more specific skills in the field.,5.0,Yes,No,No,Yes,No,No,No,No,No,No,No,No,No,No,No,No
Computer Science,No,No,Yes,Yes,No,No,No,No,No,Prefer not to say,,,No,No,No,No,No,No,No,No,No,No,No,No,No,No,No,No
Computer Science,No,No,Yes,No,No,No,No,No,No,Man,,,No,No,No,No,No,No,No,No,No,No,No,No,No,No,No,No
Undecided,,,,,,,,,,Man,I enjoy working on computers and it is a great skill for every job,4.0,No,No,No,No,No,No,No,No,No,No,No,No,No,No,No,No
Computer Science,No,No,Yes,Yes,Yes,No,No,No,No,Man,,,No,No,No,No,No,No,No,No,No,No,No,No,No,No,No,No
Computer Science,Yes,Yes,Yes,Yes,Yes,No,No,No,No,Man,,,Yes,No,Yes,Yes,No,No,No,No,No,Yes,Yes,Yes,No,No,No,No
Computer Science,No,No,Yes,Yes,Yes,No,No,No,No,Man,,,Yes,No,Yes,No,No,No,No,No,No,No,No,Yes,No,No,No,No
Political Science ,,,,,,,,,,Man,Does not really pertain to my major ,2.0,Yes,No,No,No,No,No,No,No,No,Yes,Yes,No,No,No,Yes,No
Engineering Science,,,,,,,,,,Man,I am a computer engineering major so naturally I am interested in programming.,5.0,No,No,No,No,No,No,No,No,No,No,No,No,No,No,No,No
Information Technology,No,No,Yes,Yes,Yes,No,No,No,No,Man,,,No,No,Yes,Yes,No,No,No,No,No,No,No,Yes,No,No,No,No
Information Technology,Yes,Yes,Don't recall,No,No,No,No,No,No,Man,,,No,No,No,Yes,No,Not Sure,No,No,No,Not Sure,No,No,No,No,No,No
Information Technology,Don't recall,Don't recall,No,No,No,No,No,No,No,Man,,,No,No,No,No,No,No,No,No,No,Not Sure,No,Yes,No,No,No,No
Information Technology,Yes,No,No,Yes,No,No,No,No,Yes,Man,,,No,No,No,No,No,No,No,No,No,No,No,No,No,No,No,No
Information Technology,No,No,No,No,No,No,No,No,No,Man,,,No,No,No,No,No,No,No,No,No,No,No,Yes,No,No,No,No
Business Admin,,,,,,,,,,Man,I want to switch my major to computer science and pursue a degree/ career in comp sci,5.0,No,Yes,No,No,No,No,No,No,No,Yes,No,Yes,No,No,No,No
Computer Science,No,No,Yes,Don't recall,Don't recall,No,No,No,No,Woman,,,No,No,No,Not Sure,No,No,No,No,No,No,No,Yes,No,No,No,No
Computer Science,No,Yes,Don't recall,Yes,Yes,No,No,No,No,Man,,,No,No,No,Yes,No,No,No,No,No,No,No,Yes,No,No,No,No
Mechanical engineering tech,,,,,,,,,,Man,Well help me in my field of engineering and using robotics.,4.0,No,No,No,No,No,No,No,No,No,No,No,No,No,No,No,No
Computer Science,No,Yes,No,Don't recall,Don't recall,No,Don't recall,Don't recall,No,Man,,,Yes,No,No,No,No,No,No,No,No,No,No,Yes,No,No,No,No
Computer Science,No,No,No,No,No,No,No,No,No,Man,,,No,No,No,No,No,No,No,No,No,No,No,No,No,No,No,No
Computer Science,No,No,Yes,No,No,No,No,No,No,Man,,,No,No,No,No,No,No,No,No,No,No,No,No,No,No,No,No
Information Technology,No,No,Yes,Yes,Yes,No,No,No,No,Man,,,No,No,Yes,Yes,No,No,No,No,No,No,No,No,No,No,No,No
Information Technology,Yes,Yes,Yes,Yes,Yes,Yes,Yes,Yes,No,Man,,,Yes,No,Yes,Yes,No,Yes,Yes,No,No,Yes,No,Yes,No,No,No,No
Computer Science,Yes,Yes,Yes,Yes,No,No,No,No,No,Woman,,,No,No,No,No,No,No,No,No,No,Yes,No,Yes,No,No,No,No
Computer Science,No,No,Yes,No,No,No,No,No,Yes,Non-binary,,,No,No,Not Sure,No,No,No,No,Yes,No,No,No,Not Sure,No,No,No,No
Computer Science,Don't recall,Don't recall,Don't recall,Don't recall,Don't recall,Don't recall,Don't recall,Don't recall,Don't recall,Woman,,,No,No,No,No,No,No,No,No,No,No,No,Yes,No,No,No,No
Computer Science,Yes,Yes,Yes,No,No,No,No,No,No,Man,,,No,No,No,No,No,Not Sure,No,No,No,No,No,Yes,No,No,No,No
Information Technology,No,Yes,No,No,No,No,No,No,Don't recall,Man,,,Yes,No,Not Sure,Not Sure,No,Not Sure,Not Sure,No,No,No,No,No,No,No,No,No
Information Technology,Yes,No,No,No,Yes,No,No,No,No,Man,,,No,No,No,No,No,No,No,No,No,No,No,No,No,No,No,No
Computer Science,Don't recall,Yes,Yes,Yes,Don't recall,No,Don't recall,Don't recall,No,Woman,,,No,No,No,No,No,No,No,No,No,Yes,No,No,No,No,No,No
Computer Science,Don't recall,Don't recall,Don't recall,Don't recall,Yes,No,No,No,No,Man,,,Not Sure,No,No,No,No,No,No,No,No,No,No,No,No,No,No,No
Information Technology,No,No,No,No,No,No,No,No,No,Man,,,No,No,Yes,No,No,No,No,No,No,No,No,No,No,No,No,No
Computer Science,No,No,No,No,No,No,No,No,No,Non-binary,,,No,No,No,No,No,No,No,No,No,No,No,No,No,No,No,No
Computer Science,No,No,Yes,Yes,Yes,No,No,No,No,Man,,,Yes,No,Yes,No,No,No,No,No,No,No,No,Yes,No,No,No,No
Information Technology,Don't recall,Don't recall,Don't recall,Don't recall,Don't recall,Don't recall,Don't recall,Don't recall,Don't recall,Man,,,No,No,No,No,No,No,No,No,No,No,No,No,No,No,No,No
Information Technology,Yes,No,Yes,No,No,No,No,No,No,Woman,,,Yes,Yes,No,No,No,No,No,No,No,Yes,No,No,Yes,No,No,No
Computer Science,No,No,Yes,Yes,No,No,No,No,No,Man,,,No,Yes,No,Yes,No,No,No,No,No,No,No,No,No,No,No,No
MET,,,,,,,,,,Man,I am interested in coding however it is not what I would like to do permanently and like to focus on other things.  ,3.0,No,No,No,No,No,No,No,No,No,Yes,No,No,No,No,No,No
Business,,,,,,,,,,Man,"It is not my major, just something I enjoy learning about",3.0,No,No,No,No,No,No,No,No,No,No,No,No,No,No,No,No
Information Technology,No,No,Yes,No,Yes,No,No,No,No,Man,,,No,No,No,No,No,No,No,No,No,No,No,Yes,No,No,No,No
Computer Science,No,No,No,No,No,No,No,No,No,Woman,,,No,No,No,No,No,No,No,No,No,No,No,No,No,No,No,No
Information Technology,No,No,No,No,No,No,No,No,No,Man,,,No,No,No,No,No,No,No,No,No,No,No,No,No,No,No,No
Information Technology,No,No,No,No,No,No,No,No,No,Man,,,No,No,No,No,No,No,No,No,No,No,No,No,No,No,No,No
Business Administration,,,,,,,,,,Man,Following my Business Admin degree and took this course for fun and to satisfy my elective requirement.,3.0,No,No,No,No,No,No,No,No,No,No,No,Yes,No,No,No,No
Finance,,,,,,,,,,Man,I like the problem solving aspect when writing programs ,4.0,Yes,Not Sure,Not Sure,Not Sure,Not Sure,Not Sure,Not Sure,Not Sure,Not Sure,Not Sure,Not Sure,Not Sure,Not Sure,Not Sure,Not Sure,Not Sure
Computer Science,No,No,No,No,No,No,No,No,No,Woman,,,Not Sure,Not Sure,Not Sure,Not Sure,Not Sure,Not Sure,Not Sure,Not Sure,Not Sure,Not Sure,Not Sure,Not Sure,Not Sure,Not Sure,Not Sure,Not Sure
Data Analytics Certificate of Achievement,Don't recall,No,Yes,No,No,No,No,No,No,Woman,,,Yes,No,No,No,No,No,No,No,No,No,Yes,Yes,No,No,No,No
Business Administration ,,,,,,,,,,Woman,I’m interested because I want to use some computing skills into my field of study. Also the bachelor I’m pursuing in business is related to coding ,4.0,No,No,Yes,No,No,No,No,No,No,No,No,No,No,No,No,No
Information Technology,No,No,Yes,No,No,No,No,No,No,Woman,,,No,No,Yes,No,No,No,No,No,No,No,No,No,No,No,No,No
Non Degree seeking,,,,,,,,,,Man,To learn more of the capabilities of Python.,4.0,No,No,No,No,No,No,No,No,No,No,No,No,No,No,No,No
Computer Science,No,No,No,Yes,Yes,No,No,No,No,Man,,,Yes,No,Yes,No,No,No,No,No,No,No,No,No,No,No,No,No
Computer Science,No,No,Yes,Yes,Yes,No,Yes,No,No,Man,,,Yes,Yes,Yes,No,No,No,No,No,No,No,No,Yes,No,No,No,No
Computer Science,Yes,No,No,No,No,No,No,No,No,Man,,,No,No,No,Yes,No,No,No,No,No,No,No,No,No,No,No,No
Information Technology,No,No,No,No,No,No,No,No,Yes,Man,,,No,No,No,Yes,No,No,No,No,No,No,No,Yes,No,No,No,No
Information Technology,Don't recall,Don't recall,Yes,Yes,Yes,No,No,No,No,Man,,,No,No,No,No,No,No,No,No,No,No,No,No,No,No,No,No
Information Technology,No,No,Yes,No,Yes,No,No,No,No,Man,,,No,No,No,No,No,No,No,No,No,No,No,No,No,No,No,No
Computer Science,Yes,Yes,No,No,No,No,No,No,No,Man,,,No,Yes,No,No,No,No,No,No,No,No,No,No,No,No,No,No
"Technical Studies, Applied Associate of Science",No,No,No,No,No,No,No,No,Yes,Man,,,No,No,No,No,No,No,No,No,No,No,No,Yes,No,No,No,No
Computer Science,No,No,Yes,No,No,No,No,No,No,Man,,,Yes,No,Not Sure,No,No,Not Sure,No,No,No,Yes,No,Yes,No,No,No,No
MET,,,,,,,,,,Man,I want to do more coding but with C++,5.0,No,Yes,No,No,No,No,No,No,No,No,No,Yes,No,No,No,No
